Title,RFQ URL
Rx8700 gas detector portable,https://sourcing.alibaba.com/rfq_detail.htm?p=ID18-i_yM14Agv0NMdfjz4NeEHLr4QrD_BW_q_DkoQRZ106wF6pQfJ9K9vZkADu4301&uuid=9fdfc705-5f62-4a4e-bd18-cb4b262b9b35&tracelog=sourcing_list_subject
Indian Yellow Corn Maize for Animal Feed Yellow Corn for Poultry Feed Export Quality Available From ...,https://sourcing.alibaba.com/rfq_detail.htm?p=ID14rfbc-AZ6C5mQ9fzCag2MEr5x6VKVZeeZnTSp-HbmqLEsIuDDx-QWCVm1rnMsl3q&uuid=9fdfc705-5f62-4a4e-bd18-cb4b262b9b35&tracelog=sourcing_list_subject
Table cover waterproof,https://sourcing.alibaba.com/rfq_detail.htm?p=ID14rfbc-AZ6C5mQ9fzCag2MM5NQItu6pguA1jscpwUDIEexTZD--SyhiUB56mIqEUq&uuid=9fdfc705-5f62-4a4e-bd18-cb4b262b9b35&tracelog=sourcing_list_subject
peanut shelling machine,https://sourcing.alibaba.com/rfq_detail.htm?p=ID1JPignIYAu43Ne1ktpTLJh93NYKrH3jj0txygeq1lWOdI0dWjnYBenZz25WcU7BQb&uuid=9fdfc705-5f62-4a4e-bd18-cb4b262b9b35&tracelog=sourcing_list_subject
Electric Golf Scooter 6 8 Seats Hunting 2 4 Seater Golf Cart With Curtis Controller Electric Golf ...,https://sourcing.alibaba.com/rfq_detail.htm?p=ID1JPignIYAu43Ne1ktpTLJh41qybz1DTKI5akmzDN5vPTMUpiOdvNOOQ_w2J0IHJ6x&uuid=9fdfc705-5f62-4a4e-bd18-cb4b262b9b35&tracelog=sourcing_list_subject
Wholesale Custom Double Wall Ceramic Travel Coffee Mug Portable Straw Cold Cup Food Grade Ceramic Coffee to Go Mug,https://sourcing.alibaba.com/rfq_detail.htm?p=ID1Kak6k1IkBYXbuY3bICOg7EoWwQfq5sok3F_XKaCSyOivkyHhvBmhZzcfVLJbrdfW&language=ar_AR&uuid=9fdfc705-5f62-4a4e-bd18-cb4b262b9b35&tracelog=sourcing_list_subject
Off-road Motorcycles for Recreational and Competitive Use,https://sourcing.alibaba.com/rfq_detail.htm?p=ID1Kak6k1IkBYXbuY3bICOg7CZ0G3tBcKbf3-o4BUv7yu4L21gGCO6aJ8f95Gj-PCA7&uuid=9fdfc705-5f62-4a4e-bd18-cb4b262b9b35&tracelog=sourcing_list_subject
BYD Song Plus DMI 2025,https://sourcing.alibaba.com/rfq_detail.htm?p=ID1lUnhGLDH420peNHRX-UZaMxZEK3ctCwGBWkQ_RpNzM0dAZxLGuggHPjWh8_32ofJ&uuid=9fdfc705-5f62-4a4e-bd18-cb4b262b9b35&tracelog=sourcing_list_subject
Foam Crusher Sponge Crushing Machine Foam Grinding Machine,https://sourcing.alibaba.com/rfq_detail.htm?p=ID1lUnhGLDH420peNHRX-UZaHnZG4A5I937VurDtrWTRdQmsv1QvYPmKYEtal-Im5JR&uuid=9fdfc705-5f62-4a4e-bd18-cb4b262b9b35&tracelog=sourcing_list_subject
Boutique Korea Stock Bag Used Bags Branded Ladies Second Hand Cheap Verified Luxury Handbags for Women Luxury,https://sourcing.alibaba.com/rfq_detail.htm?p=ID1_MR8m5EMWZd1W5V7bRBcfkOAYTSCLFnMmAPKhJgotLzICjolhUMtyqajHfB22YM6&language=ar_AR&uuid=9fdfc705-5f62-4a4e-bd18-cb4b262b9b35&tracelog=sourcing_list_subject
Mini PC AMD Ryzen 5 5600H 6-Core 12-Thread DDR4 Quad Core GPU 2xHD-MI 64GB Memory Supporting M.2/...,https://sourcing.alibaba.com/rfq_detail.htm?p=ID1_MR8m5EMWZd1W5V7bRBcfsQ9az0sllx9LM3-tAtmomVE4VqtB_wo6VPj8RSF17U3&uuid=9fdfc705-5f62-4a4e-bd18-cb4b262b9b35&tracelog=sourcing_list_subject
Ebike 250w/500w Motor 9 or 11-speed Family Two-wheeled Electric Bicycle Manned Pedals Cargo Bike for...,https://sourcing.alibaba.com/rfq_detail.htm?p=ID1_MR8m5EMWZd1W5V7bRBcfoymG4dZaQlEkFoK7_UHomMkzm1bOVtj4CUKVOghOcKc&uuid=9fdfc705-5f62-4a4e-bd18-cb4b262b9b35&tracelog=sourcing_list_subject
"Waveshare Luckfox 14inch Portable Monitor With Stand,Ips Screen,Mini Interface,1920*1200 Full Hd,178...",https://sourcing.alibaba.com/rfq_detail.htm?p=ID1cPZSeSoIwNRdLgH135UkvbQE3HSUCXHyLzqXfN0vhM8SqPVzoHNuQjof91rwkFJ1&uuid=9fdfc705-5f62-4a4e-bd18-cb4b262b9b35&tracelog=sourcing_list_subject
"9oz Orange 'Horse' Disposable, Healthy, Environmentally Friendly, Anti-scald, Heat-insulating, Gold-stamped Paper Cup",https://sourcing.alibaba.com/rfq_detail.htm?p=ID1cPZSeSoIwNRdLgH135UkvfvsOKq97G0yJ4MgUPl7J2CmeSC0sz2e-9WqJ6G5b0ZE&language=ar_AR&uuid=9fdfc705-5f62-4a4e-bd18-cb4b262b9b35&tracelog=sourcing_list_subject
27inch Gaming Monitor 165/180/240HZ 2K High Resolution and Refresh Response Time Quickly 1MS Oled,https://sourcing.alibaba.com/rfq_detail.htm?p=ID1JcPQ_b2iAcKikXpwTQ-QWhLzBnlK8gZJeqhxWqEU9YuOV-pC55S0BMKg0ETQSak-&uuid=9fdfc705-5f62-4a4e-bd18-cb4b262b9b35&tracelog=sourcing_list_subject
Container Super market,https://sourcing.alibaba.com/rfq_detail.htm?p=ID1JcPQ_b2iAcKikXpwTQ-QWio-mN2xvS1qUHf7mCvRRGTjyP2SmMUS8Qzksp3Gtad6&uuid=9fdfc705-5f62-4a4e-bd18-cb4b262b9b35&tracelog=sourcing_list_subject
Sugar Free Iced Cotton Candy 250ml,https://sourcing.alibaba.com/rfq_detail.htm?p=ID1JcPQ_b2iAcKikXpwTQ-QWgrVaG8OvhnnO2ODGw6Vxum1xPGIVwAuH9WtkMwMpHGJ&uuid=9fdfc705-5f62-4a4e-bd18-cb4b262b9b35&tracelog=sourcing_list_subject
Magnetron used for household electric oven,https://sourcing.alibaba.com/rfq_detail.htm?p=ID1RuDVjM0U7Rkp2YnOAaHtwrOASaTawm64qpuz4U69UIf6ihuCPLOETCHmfZHHiEeN&uuid=9fdfc705-5f62-4a4e-bd18-cb4b262b9b35&tracelog=sourcing_list_subject
custom incense holder,https://sourcing.alibaba.com/rfq_detail.htm?p=ID1RuDVjM0U7Rkp2YnOAaHtwvkcnUArv1H4HWt8wOCmcrSx_fiNn3btRbKKB-cE298L&uuid=9fdfc705-5f62-4a4e-bd18-cb4b262b9b35&tracelog=sourcing_list_subject
I7 Core 11th 12th Gen Laptop Computer 16GB RAM 11 10th Generation 1TB SSD 8GB 15.6 Inch Intel ...,https://sourcing.alibaba.com/rfq_detail.htm?p=ID1sJtBPFDUlVULxZLv6GEIeAqCmWe_2BFbVls5AhdAfvc4kWxgo6uwPWfgiThv7rkD&uuid=9fdfc705-5f62-4a4e-bd18-cb4b262b9b35&tracelog=sourcing_list_subject
Ductwork cleaner,https://sourcing.alibaba.com/rfq_detail.htm?p=ID1CwJ0QCp0Ldt0cD-Z852RpVSKpKVx55AsMAmjHeQ8eqyl6PTi8bmNy-cTyAfqntuL&language=ar_AR&uuid=4d76da95-3d72-4038-bb01-dc5bd7710e88&tracelog=sourcing_list_subject
Kaftan Dresses,https://sourcing.alibaba.com/rfq_detail.htm?p=ID1CwJ0QCp0Ldt0cD-Z852RpbJ--veakc16JcnCTlgqbDVQUZP7_Wo6IziAxEcvn-A-&uuid=4d76da95-3d72-4038-bb01-dc5bd7710e88&tracelog=sourcing_list_subject
Niche Perfume Bottles,https://sourcing.alibaba.com/rfq_detail.htm?p=ID1PwBohld-7hFAuP009YCJKbiQX0GfQ8x72jAYT5AJMbFbDxFC3P46dZ6Bfyd5r0hP&language=nl_NL&uuid=4d76da95-3d72-4038-bb01-dc5bd7710e88&tracelog=sourcing_list_subject
vanity case,https://sourcing.alibaba.com/rfq_detail.htm?p=ID1MrAOXSIW7Pv7IFLSltsy-xER954a41_ynPA_Q61mZTcBvO1aVKuCvCch0IF1RKBZ&uuid=4d76da95-3d72-4038-bb01-dc5bd7710e88&tracelog=sourcing_list_subject
Tumbler With Straw 30oz 40oz Outdoor Mug 40oz Tumbler With Handle,https://sourcing.alibaba.com/rfq_detail.htm?p=ID1MrAOXSIW7Pv7IFLSltsy-_AGKXbE18BWs3DVDUTRD1UhRUydflRRObdWcBs3-4ie&uuid=4d76da95-3d72-4038-bb01-dc5bd7710e88&tracelog=sourcing_list_subject
Small Lightweight 1000w Electric Tricycle Foldable Three-Seater for Kids Elderly Ladies and Family ...,https://sourcing.alibaba.com/rfq_detail.htm?p=ID11YFKALm023upIi-xAYKWYoncXNZ3kuw8Edgy_9-SS0tK1mnFD0hFO8oIwNwtG637&uuid=4d76da95-3d72-4038-bb01-dc5bd7710e88&tracelog=sourcing_list_subject
High-end embroidered ethnic headscarf,https://sourcing.alibaba.com/rfq_detail.htm?p=ID11YFKALm023upIi-xAYKWYpmzQzZhxa3vJxt86kJy7LcGtl7dthsy_eM2rcxyN1nx&language=ar_AR&uuid=4d76da95-3d72-4038-bb01-dc5bd7710e88&tracelog=sourcing_list_subject
2024 Boys' Suits Collection Kids Suits Cotton T-Shirt + Camouflage Color Shorts 2pcs Set Clothing Luxury Boys Clothing Sets,https://sourcing.alibaba.com/rfq_detail.htm?p=ID1fWTD8CbR9DgrpYtRtw-EqoECjgvkyYqzPRTUCw47Rwy1NhQc8wgm5Btp8SQR3yHj&language=ar_AR&uuid=4d76da95-3d72-4038-bb01-dc5bd7710e88&tracelog=sourcing_list_subject
20mL Best Fresh Breath Oral TheraBreath Fresh Breath Mouthwash,https://sourcing.alibaba.com/rfq_detail.htm?p=ID1J8uU5tSeZF4l0Gu3CHwqM1zwuztt2DZla3kNxjPvgHMsfcdnNBMJ_J3vStKw60u6&language=ar_AR&uuid=4d76da95-3d72-4038-bb01-dc5bd7710e88&tracelog=sourcing_list_subject
raising broiler chickens,https://sourcing.alibaba.com/rfq_detail.htm?p=ID1J8uU5tSeZF4l0Gu3CHwqM3pEVzqJtMziE2uJ2PuOwfmdp2w3WJvubcCd2gMPFeZM&language=ar_AR&uuid=4d76da95-3d72-4038-bb01-dc5bd7710e88&tracelog=sourcing_list_subject
Trailer Mounted RV Air Conditioning Unit with 12V Inverter & 1000W Compressor New for 24V Vehicle Modification,https://sourcing.alibaba.com/rfq_detail.htm?p=ID1paZN-HDrs4G5o85lOF3wCVhbEEvMCwO1J6iG0h6jH2zn8sxvKvo9mzT6c8T2m2Gc&language=ar_AR&uuid=4d76da95-3d72-4038-bb01-dc5bd7710e88&tracelog=sourcing_list_subject
Factory Price Body Kit Wholesale Black Steel Rear Bumper for Ford Bronco NFB01B101,https://sourcing.alibaba.com/rfq_detail.htm?p=ID1jdNZ02cifawOKDIiW8GyuARmNiZHW2ZJOrbbu61xyXDg_hM7dTN7pnNtJUnpqGZD&uuid=4d76da95-3d72-4038-bb01-dc5bd7710e88&tracelog=sourcing_list_subject
5th anniversary,https://sourcing.alibaba.com/rfq_detail.htm?p=ID1jdNZ02cifawOKDIiW8GyuKAiUeRRMz-g6GG16iTmGb2dAWrhYMkHQLz8jhxaIUiI&uuid=4d76da95-3d72-4038-bb01-dc5bd7710e88&tracelog=sourcing_list_subject
Genuine Leather Biker Motorcycle Motorbike Breathable Men-Stylish Black Cowhide Leather Motorcycle ...,https://sourcing.alibaba.com/rfq_detail.htm?p=ID1Zk2Hm6NDXPNJOrsMZrGLmq7L8whmcFGxyWwmd1ov3CRTnxxfwA7SOAB8mzzVt5xF&uuid=4d76da95-3d72-4038-bb01-dc5bd7710e88&tracelog=sourcing_list_subject
Photochromic Anti Radiation Glasses for Men and Women Square Anti-blue Computer Eyeglasses Outdoor ...,https://sourcing.alibaba.com/rfq_detail.htm?p=ID1UrhK3TzTAfBuStV8vOe3QKKz_p67AxvNoC6ymKiZcAkYNZm2UYCFLDvzIXTAKwTT&uuid=4d76da95-3d72-4038-bb01-dc5bd7710e88&tracelog=sourcing_list_subject
Electric drift scooter,https://sourcing.alibaba.com/rfq_detail.htm?p=ID1UrhK3TzTAfBuStV8vOe3QGb-I1nkwCNRJZ9cU9nBNBW4y2ddqJW8KkRoM7er1EUS&uuid=4d76da95-3d72-4038-bb01-dc5bd7710e88&tracelog=sourcing_list_subject
mazda 3 parts 2018 1.6l,https://sourcing.alibaba.com/rfq_detail.htm?p=ID1aJnqNDu5s-31Z6TO9v0933wa7VnooJdQ1UPqKnfoYrzVP2NYVeg8K4Nrj_6b3g78&uuid=4d76da95-3d72-4038-bb01-dc5bd7710e88&tracelog=sourcing_list_subject
Used Mobile Phones,https://sourcing.alibaba.com/rfq_detail.htm?p=ID1aJnqNDu5s-31Z6TO9v093zbKWuW5oqz1TzplCFqmCPSGwjS_RstnRvK-XvAQhUYU&uuid=4d76da95-3d72-4038-bb01-dc5bd7710e88&tracelog=sourcing_list_subject
Factory High Precision Cnc Machining Carbon Fiber Plate Service Custom CNC Machining Carbon Fiber ...,https://sourcing.alibaba.com/rfq_detail.htm?p=ID1XxyKkGvfmeJZNBepLWa5ZdIbQYyEZeey2l5xd3vYPIZ_cpJ0DQ0zOxKW3zYKYBIn&uuid=4d76da95-3d72-4038-bb01-dc5bd7710e88&tracelog=sourcing_list_subject
3D Cotton and Linen Geometric Block Diamond Solid Cushion Cover Bed Sofa Pillow Case Living Room ...,https://sourcing.alibaba.com/rfq_detail.htm?p=ID1XxyKkGvfmeJZNBepLWa5Zd84FhUT1DkzTj_Zs4htl06WUqEvYNjVEnGCDhZD1xMD&uuid=4d76da95-3d72-4038-bb01-dc5bd7710e88&tracelog=sourcing_list_subject
Fruit Cups 500ml New Product Transparent Plastic Donut Bracelet Milk Tea Juice Beverage Bottle ...,https://sourcing.alibaba.com/rfq_detail.htm?p=ID1Ry9ZyMV9ArcFLdm-Qb6TN4oDoqMEmCArL7Kyu3PfGi7tVPzKWRSSOqs11c4gE7-O&uuid=d240bcf3-1446-47ca-b0e3-69a5caac7cd6&tracelog=sourcing_list_subject
Wholesaler Custom Vintage Personalized Sliding Handmade Bamboo Wooden Jewelry Keepsake Display Box ...,https://sourcing.alibaba.com/rfq_detail.htm?p=ID1Ry9ZyMV9ArcFLdm-Qb6TN8vzajiHwxVTtNU9OYAW0Nglqsjy6k6l5-r6hWC_oof2&uuid=d240bcf3-1446-47ca-b0e3-69a5caac7cd6&tracelog=sourcing_list_subject
"I’m looking for a product photographer and videographer based in China who can visit my supplier’s factory, shoot high-quality p",https://sourcing.alibaba.com/rfq_detail.htm?p=ID1zPcthg_8WBEQbXTU_cczR45p3bj-UTBciDMXse3Y-GAdP8aFNMoX9rtkkCa0v6zD&language=it_IT&uuid=d240bcf3-1446-47ca-b0e3-69a5caac7cd6&tracelog=sourcing_list_subject
Complete Natural Juice Production Line Fruit Juice Production Line Juicer Production Line Processing...,https://sourcing.alibaba.com/rfq_detail.htm?p=ID1f623Vs-b09_7RdA81Kf90-odwKV_c05CTe9yeTHpQpf9aiuMeNeUlsROHY4YQG2k&uuid=d240bcf3-1446-47ca-b0e3-69a5caac7cd6&tracelog=sourcing_list_subject
XCMG 150m XR800E Used Small Rotary Drilling Rig Machine Price,https://sourcing.alibaba.com/rfq_detail.htm?p=ID1f623Vs-b09_7RdA81Kf901Y00muvGjAYhuIQUJbAvxRqKh9iIGHTPkST5RbfZfHx&uuid=d240bcf3-1446-47ca-b0e3-69a5caac7cd6&tracelog=sourcing_list_subject
Cheap price,https://sourcing.alibaba.com/rfq_detail.htm?p=ID1BLWHK_fykiCpjH0kiTZPHRai3RbnOqr8ijuCkd76B71sRqRprFOk6nELQy83W-pQ&uuid=d240bcf3-1446-47ca-b0e3-69a5caac7cd6&tracelog=sourcing_list_subject
Wholesale Luxury Cosmetics Packaging Set Empty Bamboo Cosmetic Lotion Bottle Glass Cream Jar Container,https://sourcing.alibaba.com/rfq_detail.htm?p=ID1K49YmANpl66uG6oMBoFiKRQv75_GxVMuykuiyd56nJRpf1loH3S1E7Q7_4-hxIQK&language=ru_RU&uuid=d240bcf3-1446-47ca-b0e3-69a5caac7cd6&tracelog=sourcing_list_subject
2025 Byd Equation Leopard 8 Byd Equation Leopard 8 Off-road capability Electric SUV Long-range ...,https://sourcing.alibaba.com/rfq_detail.htm?p=ID1K49YmANpl66uG6oMBoFiKfPrlAjcNui8VoFaCpDKXcWNpMQVCUu0UYUix08l_Tfu&uuid=d240bcf3-1446-47ca-b0e3-69a5caac7cd6&tracelog=sourcing_list_subject
Branded slippers,https://sourcing.alibaba.com/rfq_detail.htm?p=ID1d1wIpiS_q9UIYjpro2GUfsjQZ6NpEW-1xREZb46s7fWYPKcMng8cHMdg7vb7naZn&uuid=d240bcf3-1446-47ca-b0e3-69a5caac7cd6&tracelog=sourcing_list_subject
POLYETHELENE SHEETS 1000 GUAGE-250 MICRONS,https://sourcing.alibaba.com/rfq_detail.htm?p=ID1qSVXxCmCZh-kBMsBg9RgodC2q4kVSvt5lKoHBNXb9dRjNIvjR5D6mW512c2d9BtV&uuid=d240bcf3-1446-47ca-b0e3-69a5caac7cd6&tracelog=sourcing_list_subject
shein bales wholesale clothes dubai,https://sourcing.alibaba.com/rfq_detail.htm?p=ID1eoTY_eoW67iY8Ef0KE5Bm0I6eIqGKvqCrkSHn8zkJLLzkZrCCkgHkt8NaGvZEwwt&uuid=d240bcf3-1446-47ca-b0e3-69a5caac7cd6&tracelog=sourcing_list_subject
Waterproof Outdoor 100m 200m LED ...,https://sourcing.alibaba.com/rfq_detail.htm?p=ID15LjdZOJncH9dNFDzclANyoOHu8Sev5N38BPkvhyuoNgJoevQDI-oSU15thTl_VbB&uuid=d240bcf3-1446-47ca-b0e3-69a5caac7cd6&tracelog=sourcing_list_subject
Sunflower oil,https://sourcing.alibaba.com/rfq_detail.htm?p=ID1-xuJCYEPqC1WbSjBb7PlsZlGbKAxNLxih2SlzVHbQP5YVdQV5-yrqfLhQA5lgFWL&uuid=d240bcf3-1446-47ca-b0e3-69a5caac7cd6&tracelog=sourcing_list_subject
Bella Factory Coin Operated Paper Money Credit Card Vending Commercial Massage Chair with Coin Bill ...,https://sourcing.alibaba.com/rfq_detail.htm?p=ID14oKW-kIapHN5zk34NcvNMna8yz30qDoYYBxhV3-7BAerALnhYMC8VUOV0am4_bOy&uuid=d240bcf3-1446-47ca-b0e3-69a5caac7cd6&tracelog=sourcing_list_subject
de7000 carbon brush Electric Brush DE7000 EMD 40025029 Locomotive Traction Motor Carbon Brush ...,https://sourcing.alibaba.com/rfq_detail.htm?p=ID1LZd7-r6Gqb-_Exq5dw98keJ1J4jCrwxFQHdaOxvXaQZozXiYqcnbfCZ5OwIEdXkv&uuid=d240bcf3-1446-47ca-b0e3-69a5caac7cd6&tracelog=sourcing_list_subject
Plastic Measure Powder Scoop 10ml 15ml 20ml 30ml 40ml 50ml 60ml 65ml 70ml 80ml 90ml 100ml 120ml ...,https://sourcing.alibaba.com/rfq_detail.htm?p=ID1LZd7-r6Gqb-_Exq5dw98kUO61g6CXAPEi3GCetKhR4DsqEpsyTCEKF_vF-mEHPFj&uuid=d240bcf3-1446-47ca-b0e3-69a5caac7cd6&tracelog=sourcing_list_subject
Luxury Matte Black Corrugated Shipping Paper Packaging Boxes,https://sourcing.alibaba.com/rfq_detail.htm?p=ID1vBibxqgc_9QtK2OUo7Ybb-UA12PV5lC77rJua-SSB-2kzstlQEzwib9zWcMcvI7B&uuid=d240bcf3-1446-47ca-b0e3-69a5caac7cd6&tracelog=sourcing_list_subject
2000 Liter Fuel Aluminum Tanker Truck diesel Fuel Tankers for Sale,https://sourcing.alibaba.com/rfq_detail.htm?p=ID1nGv6wTQbZ_v8Ej3DAqFmVAiJx6YzwJmvvMGi31eGG-KLEKYbbIsvZT2s6wUGZsgw&uuid=d240bcf3-1446-47ca-b0e3-69a5caac7cd6&tracelog=sourcing_list_subject
android projector 4k wifi,https://sourcing.alibaba.com/rfq_detail.htm?p=ID1WYgtFEletzr_NWuL2h1evW5433rsbjZoOXZ0_-U7opW7omwwUltdXpZFwU7INdd7&uuid=d240bcf3-1446-47ca-b0e3-69a5caac7cd6&tracelog=sourcing_list_subject
Polyester Tent for Temporary Shelter,https://sourcing.alibaba.com/rfq_detail.htm?p=ID1WYgtFEletzr_NWuL2h1evUAGtUpRPCzlRlO3155TwXLfftneXnle9jsU8WLVWTls&language=ar_AR&uuid=d240bcf3-1446-47ca-b0e3-69a5caac7cd6&tracelog=sourcing_list_subject
Fashion Trend Sneakers Casual Shoes Men's and Women's Couple Shoes,https://sourcing.alibaba.com/rfq_detail.htm?p=ID1WQFjW6BW-hjbnInsDH9OfmXkurFYKuw7AJMyIwiHm_h7f8hxlBGIsldzBomPfced&uuid=1c5f7382-28ca-4d4c-af26-8f7bf4ec6020&tracelog=sourcing_list_subject
High Quality 100%Cotton 240gsm Loose Fit Plain Dyed Anti-Shrink Eco-Friendly Anti-Pilling Spring/...,https://sourcing.alibaba.com/rfq_detail.htm?p=ID1hPDdjhjMbz4lLoEX13XvxZNvKsbyTRxuj_q_nRrVWZFY-PfmK4mt2uGdKyzXVMY8&uuid=1c5f7382-28ca-4d4c-af26-8f7bf4ec6020&tracelog=sourcing_list_subject
Paper Box Paper Box,https://sourcing.alibaba.com/rfq_detail.htm?p=ID1Q2o90-2lLbP_pYs93O0f20-ysBh16TenB4q_gEgjQY3_6XLmA8F_Z1z5Z-UEcbmw&uuid=1c5f7382-28ca-4d4c-af26-8f7bf4ec6020&tracelog=sourcing_list_subject
"BRAND NEW Mammotion LUBA 2 AWD 3000HX Robotic Lawn Mower-Climbs 80%Slopes,With 4G,Wire-Free ...",https://sourcing.alibaba.com/rfq_detail.htm?p=ID1jtmtA_JqDwsQBvr-hPvNgYdACrUzIklMAlEMrq81U6ka77Luo6BWKjGKlgnz6RzU&uuid=1c5f7382-28ca-4d4c-af26-8f7bf4ec6020&tracelog=sourcing_list_subject
Hookah head,https://sourcing.alibaba.com/rfq_detail.htm?p=ID1KXrsXzlKhuRYQb_YJU_TIB1Qbg4NXKc7avW6VrHlMMwRvzjoBXKZtxbMfnVNrErW&uuid=1c5f7382-28ca-4d4c-af26-8f7bf4ec6020&tracelog=sourcing_list_subject
Wholesale Low MOQ Luxury Empty Perfume Bottle Luxury with Box Design Your Own Perfume Bottle,https://sourcing.alibaba.com/rfq_detail.htm?p=ID1LTANaKwTaGj0Cxw6-qm_LrqdqLPpXYJNOSNbIMqzar8LZLubmt8bn3weRFQNHoUY&language=ar_AR&uuid=1c5f7382-28ca-4d4c-af26-8f7bf4ec6020&tracelog=sourcing_list_subject
Empty Hanging Car Air Freshener Bottle Car Perfume Diffuser Bottles Essential Oil Aromatherapy ...,https://sourcing.alibaba.com/rfq_detail.htm?p=ID1v_KsZkaMYHGlXLh-2R2HUb-0uk3otzkRPyLzXmI4mNgX8p5_Cv5Mpn0v3Muwko2j&uuid=1c5f7382-28ca-4d4c-af26-8f7bf4ec6020&tracelog=sourcing_list_subject
Rittal SK 3302100 Enclosure Cooling Unit,https://sourcing.alibaba.com/rfq_detail.htm?p=ID1v_KsZkaMYHGlXLh-2R2HUUR6X7WyyyuBJuSHFN06-7kJmkN_hEWmvnjMzV_RTxw6&uuid=1c5f7382-28ca-4d4c-af26-8f7bf4ec6020&tracelog=sourcing_list_subject
Bike Phone Chest Strap Holder Headband Mounting Kit Universal Cycling Headband Phone Bracket ...,https://sourcing.alibaba.com/rfq_detail.htm?p=ID1goCE0QDthEXoIZGPC5HDhLKk9P3IMr3Pic1hXu8l6ziz1hTgayUy9ma_Ccvgq7Nl&uuid=1c5f7382-28ca-4d4c-af26-8f7bf4ec6020&tracelog=sourcing_list_subject
"Suitable for 2010-2016 Ferrari 458 Taillights, LED Brake Lights, Rear Turn Signals, and Original Second-hand Taillights",https://sourcing.alibaba.com/rfq_detail.htm?p=ID1pcm1bGoIzY7Du-1DtTqEw2q6goaVGhxeSzXlD0XsXQ34a1J4inpdpULF01XI9oV5&language=ar_AR&uuid=1c5f7382-28ca-4d4c-af26-8f7bf4ec6020&tracelog=sourcing_list_subject
Blank sneakers,https://sourcing.alibaba.com/rfq_detail.htm?p=ID1iC5TSQY7Jg00MJ4w2qS0RFupcGOaPKM0uu1rVBNnkJmQH3JoVQCvK9v5V866QWSp&uuid=1c5f7382-28ca-4d4c-af26-8f7bf4ec6020&tracelog=sourcing_list_subject
Luxury Pearl Decorated Charm Ring Earring Jewelry Package Box Seashell Star Embroidery Jewelry case Organizer Box Gift for Women,https://sourcing.alibaba.com/rfq_detail.htm?p=ID1EetlhbBlxz0Uw1wInyazGJefTIfbkAjlZm_UhoetFrZ1GqyUlOszDez1J1jvmgcJ&language=ar_AR&uuid=1c5f7382-28ca-4d4c-af26-8f7bf4ec6020&tracelog=sourcing_list_subject
Custom Inflatable PVC Pontoon Tubes Floating Water Bike Pedal Boat Buoy,https://sourcing.alibaba.com/rfq_detail.htm?p=ID12AJiLW8eqJdnvok7xsv-HNTMr4yqRYdVCxGQgtv5c-XoCmZR6FctNuGmEqqLpOMd&uuid=1c5f7382-28ca-4d4c-af26-8f7bf4ec6020&tracelog=sourcing_list_subject
Algerian National Football Jersey,https://sourcing.alibaba.com/rfq_detail.htm?p=ID12AJiLW8eqJdnvok7xsv-HCviUnnruxlZtQ2OhqpUcQjEMHaQKKQW_puV-_x-0Ui4&uuid=1c5f7382-28ca-4d4c-af26-8f7bf4ec6020&tracelog=sourcing_list_subject
Black Maca,https://sourcing.alibaba.com/rfq_detail.htm?p=ID1trs8MW-Ge-Md48EEJXgs1Xk6lWyiGxl2rP7l3ojaMr3unvC5m8Sf17LLRA2pf_cU&uuid=1c5f7382-28ca-4d4c-af26-8f7bf4ec6020&tracelog=sourcing_list_subject
New Arrival Wholesale Pvc Custom Clog Shoe Charms Designer Shoe Decoration Bulk Pvc Shoe Charms Bulk...,https://sourcing.alibaba.com/rfq_detail.htm?p=ID1NO1Kfft-dZl7H9AIhkGc8uvMjIEqbY18TJLT0T1FFVZjdXYE0zbvavVxCGhrQKMr&uuid=1c5f7382-28ca-4d4c-af26-8f7bf4ec6020&tracelog=sourcing_list_subject
Ms705 Zinc Alloy Wholesale Industrial Lock Triangle Lock Cam Latch Quarter Turn Cam Lock,https://sourcing.alibaba.com/rfq_detail.htm?p=ID1RGt65DqXPrgmIT6qSWw-kQHdFX-5pnyN9oWI5B7xwt5UkGILK5_DDsSOFneyUata&uuid=1c5f7382-28ca-4d4c-af26-8f7bf4ec6020&tracelog=sourcing_list_subject
Indoor Winter Slippers for Couples Wool and Cotton Warm Velvet Shoes with Cute Printed Style Light ...,https://sourcing.alibaba.com/rfq_detail.htm?p=ID1RGt65DqXPrgmIT6qSWw-kSUycq7GpvD6lIQG0vpjq3JmMAnE7OU-_qsvtMQ0seSv&uuid=1c5f7382-28ca-4d4c-af26-8f7bf4ec6020&tracelog=sourcing_list_subject
Metal slider buckle,https://sourcing.alibaba.com/rfq_detail.htm?p=ID1xppawMnBHJRhZOlZEeL_9CRIDKkZVNT6waOZdiLVrVZwIrJ3TgfPoL8hsXg5-6At&uuid=1c5f7382-28ca-4d4c-af26-8f7bf4ec6020&tracelog=sourcing_list_subject
gym t shirt,https://sourcing.alibaba.com/rfq_detail.htm?p=ID1qVMtX13b-Sd8YD0ujAWrU8AQaGWKaNk3MJ1qJoK9aUxlBeGEw22AzaHJBYA38MnH&uuid=1c5f7382-28ca-4d4c-af26-8f7bf4ec6020&tracelog=sourcing_list_subject
Combination Sale Fitting for Glass Door Handle Concealed Hydraulic Automatic Floor Spring,https://sourcing.alibaba.com/rfq_detail.htm?p=ID1Pw8JvzUl791n5UAMnID3CeQJRqY6syKPVBx30AOBr8UXtxJG-cD6wkBo49HktV6u&uuid=1a61dd5e-dde8-456c-8054-a017eaafc3b3&tracelog=sourcing_list_subject
S819 PRO 3-Axis GPS Drone for Aerial Photography 5G Relay Digital Transmission Remote Control Laser ...,https://sourcing.alibaba.com/rfq_detail.htm?p=ID15wKNgjf38s_egRWss4dlR08_0XNwHWf3otryI7XzXbpSxthrwbBC5A9s5T4Bj4I4&uuid=1a61dd5e-dde8-456c-8054-a017eaafc3b3&tracelog=sourcing_list_subject
CZJF High Quality Hot Selling Modification Body Kit for Nissan Patrol 2025 Low to High,https://sourcing.alibaba.com/rfq_detail.htm?p=ID1bHziyENpjiUTp76sCzYsBYH07sYPskyH8lBPoLBAu2R4VI6D30KfGTkNg4Ixg2Cc&uuid=1a61dd5e-dde8-456c-8054-a017eaafc3b3&tracelog=sourcing_list_subject
China Standard New Arrivals CK-1530-4S Engraving 3D Wood Materials Automatic Table Legs Cnc Wood ...,https://sourcing.alibaba.com/rfq_detail.htm?p=ID1Yp3ailvkQhCg4OvOHOi5l1Chdp-eXnALsVWIYtBATn4lMSTGwaca2MLRv26zYLt1&uuid=1a61dd5e-dde8-456c-8054-a017eaafc3b3&tracelog=sourcing_list_subject
OLERD Wholesale 600ml BPA Free Custom Logo Gym Sport Water Cup Plastic Protein Shaker Bottle,https://sourcing.alibaba.com/rfq_detail.htm?p=ID1Yp3ailvkQhCg4OvOHOi5l-bLGAcWtXy2v5uUiCVGUXYxnKQgfo6ukU8O-Ffv-cXV&uuid=1a61dd5e-dde8-456c-8054-a017eaafc3b3&tracelog=sourcing_list_subject
Panwenbo Custom 20*25cm DIY Artist Cotton Canvas Panel Outline Canvas Painting Boards Pre Drawn ...,https://sourcing.alibaba.com/rfq_detail.htm?p=ID1lFdXeI8mRQJmTHc5XtK5RQBnzerkE0VVKwqewnQ9hGAvBSqiIHjyXy5PBHKDcbEb&uuid=1a61dd5e-dde8-456c-8054-a017eaafc3b3&tracelog=sourcing_list_subject
100%mulberry silk fabric,https://sourcing.alibaba.com/rfq_detail.htm?p=ID1E3hp6gWu2YLcT7nEi3tkVFACgELYdU65FnFML68XcmPmZlZ6SggIK-AIm7J2RIOI&uuid=1a61dd5e-dde8-456c-8054-a017eaafc3b3&tracelog=sourcing_list_subject
Mushroom Business farming,https://sourcing.alibaba.com/rfq_detail.htm?p=ID1TpDFPXyK2AtJCXMXq8VheWOUMaZDm0FznC9iSgdFLqZOE85tV9YYEeXMYy2Dd_mY&uuid=1a61dd5e-dde8-456c-8054-a017eaafc3b3&tracelog=sourcing_list_subject
Men's Black Smock Hair Resistant Lightweight Breathable Easy Hair Removal Zipper Closure Size XL for...,https://sourcing.alibaba.com/rfq_detail.htm?p=ID1TpDFPXyK2AtJCXMXq8Vhedr7tgfWXsmSxmpT5jXRl-YynI1KQe2fhhpp8Lknnu92&uuid=1a61dd5e-dde8-456c-8054-a017eaafc3b3&tracelog=sourcing_list_subject
New Product Hot Selling for Gaming Laptop Cooler RBG Laptop Cooling Pad,https://sourcing.alibaba.com/rfq_detail.htm?p=ID19QVPor0XNyV219Upni4I9KYyxrOnUU6s4yOaxlTC8zSZMsDoCvM__TZhH4A8F30Y&uuid=1a61dd5e-dde8-456c-8054-a017eaafc3b3&tracelog=sourcing_list_subject
Galxi S25 Ultra,https://sourcing.alibaba.com/rfq_detail.htm?p=ID1mti8v5Tf_0oDXnYfPl-JgpI1Wh0H8_Vq6ouXH3WwBIPF_NMCg1Y9hl1rq8pG5nlr&uuid=1a61dd5e-dde8-456c-8054-a017eaafc3b3&tracelog=sourcing_list_subject
OE 4324210290 Air Dryer Assy Used for Golden Dragon Bus Brake System Accessories,https://sourcing.alibaba.com/rfq_detail.htm?p=ID1sNM1vCawKIexF02mRa3I85gYYb6kcv80WXaZxL-DOq0ytIRNUpnYwEYgRg1iM1KR&uuid=1a61dd5e-dde8-456c-8054-a017eaafc3b3&tracelog=sourcing_list_subject
apparels womenss,https://sourcing.alibaba.com/rfq_detail.htm?p=ID1b5WggPbx_gwzOWUMkunlNcnYfptj151ALO6qH-C0KJBOz_NJO8daeHtvVy8Ph2KC&uuid=1a61dd5e-dde8-456c-8054-a017eaafc3b3&tracelog=sourcing_list_subject
Floatie Design,https://sourcing.alibaba.com/rfq_detail.htm?p=ID1LIM93ursZAwGSZ1NwgFWDnsCv7cIYeZhUBIFO-pfTLFaHWzDCmCv4o2gu5tMGsRB&uuid=1a61dd5e-dde8-456c-8054-a017eaafc3b3&tracelog=sourcing_list_subject
Cotton Sleepwear Women Modal Women's Pajamas Factory Custom Printed Solid Color Bamboo Pajamas,https://sourcing.alibaba.com/rfq_detail.htm?p=ID1hrYnjwhU9XQqWsOuwP_3CDXSfU7S-BAT6a3DcJQ1FGRMgz7NBrC8bc-LVonLvWNL&uuid=1a61dd5e-dde8-456c-8054-a017eaafc3b3&tracelog=sourcing_list_subject
Rounded Barrel Square Shape 3.5L Plastic Sauce Bottle Hanging Sauce Dispenser,https://sourcing.alibaba.com/rfq_detail.htm?p=ID1hrYnjwhU9XQqWsOuwP_3CFqWGvEg2WtS9pgKpR6oyZHJCeAXABVUYworquZIo88k&language=fr_FR&uuid=1a61dd5e-dde8-456c-8054-a017eaafc3b3&tracelog=sourcing_list_subject
6.9L Portable Food Mixers kitchenaid Kitchen Aid Mixer,https://sourcing.alibaba.com/rfq_detail.htm?p=ID1bZW-SbnGNG2CHyiaF8mMCtyzUUlbHfZUgvbjZUeNKxG0nW7vlY78dWwwJT_zC65N&uuid=1a61dd5e-dde8-456c-8054-a017eaafc3b3&tracelog=sourcing_list_subject
Automatic Spout Pouch Filling and Capping Machine,https://sourcing.alibaba.com/rfq_detail.htm?p=ID15TiWdXtsPsvIhAHSbQFRqClIhj-ncWSw1koSX_OmXoUYv0oP9solj1-W00Tu-mKO&uuid=1a61dd5e-dde8-456c-8054-a017eaafc3b3&tracelog=sourcing_list_subject
Buy cheap Copper 99.99%High Purity Red Copper Wire Industrial Mill Berry Scrap Wire Recycling Waste ...,https://sourcing.alibaba.com/rfq_detail.htm?p=ID19lHnDwQoTdh600GU9RCeyRq3bMKfsOj8T1XCW-X899tcsTWsxQrcH7KXRukISSot&uuid=1a61dd5e-dde8-456c-8054-a017eaafc3b3&tracelog=sourcing_list_subject
DIAMOND 2K QLED Screen 10.1/10.33/11.5/11.8 Inch Double Din Car Stereo 2 Din Android Car Radio Car ...,https://sourcing.alibaba.com/rfq_detail.htm?p=ID19lHnDwQoTdh600GU9RCeyWgV_7XxrnpmBiUB4kSJNtNgATFmP5iNI4kFo-COwTnB&uuid=1a61dd5e-dde8-456c-8054-a017eaafc3b3&tracelog=sourcing_list_subject
2025 SUMMER SALE for MOTORCYCLE CFMOTO 450SS 300SS GHOST GREY BEGINNER SPORT 292 CC 1 CYLINDER WITH ...,https://sourcing.alibaba.com/rfq_detail.htm?p=ID1YzL7OpGP_aBidN9VPs-pKQClOSiC-EM2fw2iDJ6Mwpr3TiE2b5q6NlxJmtNnkLxO&uuid=089e5a6e-604b-4ef8-b0a2-a149ddc938a0&tracelog=sourcing_list_subject
Factory 800W Industrial Cabinet Type Air Conditioner,https://sourcing.alibaba.com/rfq_detail.htm?p=ID1UCRTRKmvacvke7XoMTWpDttFEl5aLidBxvbqxC6-Qp-1LLkB9JdNlMaIpEVFaXr-&uuid=089e5a6e-604b-4ef8-b0a2-a149ddc938a0&tracelog=sourcing_list_subject
220g cotton t-shirt,https://sourcing.alibaba.com/rfq_detail.htm?p=ID1ehdixnNZN4MAKEmnvl6juNi05MzSo8hHiyuXGb7D-JR9cahH-uHvnNVVt0hNY_E_&uuid=089e5a6e-604b-4ef8-b0a2-a149ddc938a0&tracelog=sourcing_list_subject
100ml 120ml 150ml 200ml 250ml 4oz 8oz Matte Black Plastic Jar Pet Supplement Food Grade PET Plastic ...,https://sourcing.alibaba.com/rfq_detail.htm?p=ID1Wt3cL-RYHG7MCkif2uhq8ZLgC6HEGX40pJKC5SxP49vLUvBf7iY2wInXgXPEWOlM&uuid=089e5a6e-604b-4ef8-b0a2-a149ddc938a0&tracelog=sourcing_list_subject
High Pressure Dosing Machine for Memory Foam Pillow,https://sourcing.alibaba.com/rfq_detail.htm?p=ID1HcsX3H31ZKA7gIwQSs8YmLxBBohqPypSSgbLGlckjph_X302WeyDX8d3MBkt74Yf&uuid=089e5a6e-604b-4ef8-b0a2-a149ddc938a0&tracelog=sourcing_list_subject
Custom Inflatable Swimming Travel Shoulder Bag Handbag Women's Fashion Inflatable Beach Bag,https://sourcing.alibaba.com/rfq_detail.htm?p=ID1HcsX3H31ZKA7gIwQSs8YmFLp_c848FCljBN3UQYTwmGSuIrZwIwWCG4GEQnc_CZY&uuid=089e5a6e-604b-4ef8-b0a2-a149ddc938a0&tracelog=sourcing_list_subject
F-S-C Certified Customized Fragrance Rods Home Decorate Factory Directly Offered Reed Diffuser ...,https://sourcing.alibaba.com/rfq_detail.htm?p=ID1BX7G7LeRBG2U-muR-p924bYrZ9I7LF1bHCjcjZR8QK9ibm1XIU1Wcs2yw2W-n6X2&uuid=089e5a6e-604b-4ef8-b0a2-a149ddc938a0&tracelog=sourcing_list_subject
Wholesale Pop Mart Labubu the Monster Labubu Have a Seat Labubu Mystery Box Blind Box Art Toy Gift ...,https://sourcing.alibaba.com/rfq_detail.htm?p=ID1F6CGQEgmGLTGnWsNJalfOCSBu4fHpMGp7HWt7XOV21jmwbaAsJiB3O87lsgTssxS&uuid=089e5a6e-604b-4ef8-b0a2-a149ddc938a0&tracelog=sourcing_list_subject
wire rope electric winch,https://sourcing.alibaba.com/rfq_detail.htm?p=ID1H4NIx6gOr_IFKSzjeIVhJn11plGWsw6N9SDUxc7KGdJ_v-mvZEuRkRlAYlwte1rL&uuid=089e5a6e-604b-4ef8-b0a2-a149ddc938a0&tracelog=sourcing_list_subject
LIFEWORTH Private Label Pre Workout Creatine Monohydrate Powder Muscle Building Energy Supplement ...,https://sourcing.alibaba.com/rfq_detail.htm?p=ID1H4NIx6gOr_IFKSzjeIVhJmZE1FV-mGcT_9blj_9eR2U32-uUaJ6CnWKCSq4J6mUW&uuid=089e5a6e-604b-4ef8-b0a2-a149ddc938a0&tracelog=sourcing_list_subject
Traditional Indian Dresses,https://sourcing.alibaba.com/rfq_detail.htm?p=ID1mJV4Sfp1JoWCoASK7D2dkVI765qp7QO_NcQ8qyfRVy-MxJaFD947knpGVgx38vI5&uuid=089e5a6e-604b-4ef8-b0a2-a149ddc938a0&tracelog=sourcing_list_subject
mailer box,https://sourcing.alibaba.com/rfq_detail.htm?p=ID13xuMes-UrMQKXJyfszjAh5p2T5uXPCBXAFwbcOrhGpBfH_7cspJY4U2QC4k1w797&uuid=089e5a6e-604b-4ef8-b0a2-a149ddc938a0&tracelog=sourcing_list_subject
Leg Position Pillow Cooling Knee Pillow for Side Sleepers,https://sourcing.alibaba.com/rfq_detail.htm?p=ID13xuMes-UrMQKXJyfszjAhwD0g6ywm3X78AGp19GHmOANJLn18duGde7-LZlbV0TF&uuid=089e5a6e-604b-4ef8-b0a2-a149ddc938a0&tracelog=sourcing_list_subject
Green cardamom Size 7 to 8mm Packing 10kg 5kg 21$to 25$per kg,https://sourcing.alibaba.com/rfq_detail.htm?p=ID1mEOSGsTGRTLRzqJ1RJaDZ_PSng5MzsmW1Fr5LG54mU7qn26j0EewBMvdZcIMWpGl&uuid=089e5a6e-604b-4ef8-b0a2-a149ddc938a0&tracelog=sourcing_list_subject
Samsung Central AC Computer Detector MIM-C02N Judgment Data MIM-CO2N Monitoring Module,https://sourcing.alibaba.com/rfq_detail.htm?p=ID1GYHhMaFWqeOKyzFy5sDd-Zxjthv758bNk92jEN-LxxYl_HZkTsd3-PxZa4OiZevd&uuid=089e5a6e-604b-4ef8-b0a2-a149ddc938a0&tracelog=sourcing_list_subject
Trendy Adjustable Twisted Rope Cross Friendship Bracelets,https://sourcing.alibaba.com/rfq_detail.htm?p=ID1GYHhMaFWqeOKyzFy5sDd-SBj2zd4ptDxBxdDHkv6irAeEglApJbjaUxDFaWQMtjS&uuid=089e5a6e-604b-4ef8-b0a2-a149ddc938a0&tracelog=sourcing_list_subject
700ml Pp Plastic Cup Twins Split Cup Boba Bubble Tea Double Shared 2 Flavour Juice Drink Cup With ...,https://sourcing.alibaba.com/rfq_detail.htm?p=ID1WjzGbf1HT99Evvs7W4OVh8ClpKVsuoSrki68fRumi0szcyGJjqk9QtkU3PtvX7iF&uuid=089e5a6e-604b-4ef8-b0a2-a149ddc938a0&tracelog=sourcing_list_subject
Wholesale Magnetic Wireless Power Bank Magnet Portable Charger Quick Charging for Mobile iPhone,https://sourcing.alibaba.com/rfq_detail.htm?p=ID10puxHy2SIqfoBdu0l6r6QBpyf51ZYb_tWsyJTGqNNZpdet1bWAcOeKCs1OicKEjn&uuid=089e5a6e-604b-4ef8-b0a2-a149ddc938a0&tracelog=sourcing_list_subject
Richall Wheelchair Electric Power Wheelchair Full Carbon Fabric Outdoor Folding Carbon Fiber Light ...,https://sourcing.alibaba.com/rfq_detail.htm?p=ID1iSNIWvmk3tjzioSZKa-rPtidOorPM85Gq-qncDAtFjgSunJoVJJKHi0tnKdV5EI7&uuid=089e5a6e-604b-4ef8-b0a2-a149ddc938a0&tracelog=sourcing_list_subject
European Standard Compatible Aluminum Profiles PG40 Group 4040 4080 40120 40160 80200 t Slot ...,https://sourcing.alibaba.com/rfq_detail.htm?p=ID1iSNIWvmk3tjzioSZKa-rPhgHJI-pVX1Ccq2ovVaJB-_0SeuLTKLPSzTou8kA3rK3&uuid=089e5a6e-604b-4ef8-b0a2-a149ddc938a0&tracelog=sourcing_list_subject
Wholesale High Quality 99%New for Samsung for Galaxy Z Fold Fold 3 Fold 5 Fold6 Smartphones Original...,https://sourcing.alibaba.com/rfq_detail.htm?p=ID1hgmCyYxn-mYumV7FEVmtGMxCwldNX8R77WzRGMgH1eAZodD3C6corSwkp06jOlyu&uuid=114a1546-843f-4264-960b-994c5fe37a75&tracelog=sourcing_list_subject
Classic Halter Beaded Mermaid Evening Dresses Blue Trumpet Party Gowns with Embroidery Flowers Plus ...,https://sourcing.alibaba.com/rfq_detail.htm?p=ID1hgmCyYxn-mYumV7FEVmtGIg7uW_STgy8m2R0RvIVTkRjtyNcLgYyIrxaV-WjZH3r&uuid=114a1546-843f-4264-960b-994c5fe37a75&tracelog=sourcing_list_subject
Custom Logo Eco Friendly Biodegradable Poly Mailing Packaging Shipping Bag Polymailers Mailing Bags ...,https://sourcing.alibaba.com/rfq_detail.htm?p=ID1-L8M9sI5NS8zqV2AuI1rm62diX1WHz0i3mxMJIk5_wop7T_UQwNucVU5YLqDh5Xq&uuid=114a1546-843f-4264-960b-994c5fe37a75&tracelog=sourcing_list_subject
"Wholesale GP380 Walkie Talkie,for Pro5150 GP380 HT1250 PRO7150 Professional Full Keypad Display Screen Walkie Talkie",https://sourcing.alibaba.com/rfq_detail.htm?p=ID1-L8M9sI5NS8zqV2AuI1rm2ewU9D_oPBpe6xebpr48E3S_9HN1QN9vHaBU0IYe6AS&language=fr_FR&uuid=114a1546-843f-4264-960b-994c5fe37a75&tracelog=sourcing_list_subject
2024 Chery Icar 03 Pure Electric Small Suv a Range of 501km New Energy Vehicle Chery ICAR 03 Off ...,https://sourcing.alibaba.com/rfq_detail.htm?p=ID14NVcco5j1m2xloW7VU7Pdhi9qeKSPyjwegWtzYyi6lz-TsSPxVzHJq_U0uSvr1SZ&uuid=114a1546-843f-4264-960b-994c5fe37a75&tracelog=sourcing_list_subject
Balm,https://sourcing.alibaba.com/rfq_detail.htm?p=ID14NVcco5j1m2xloW7VU7PdjxdPnItvWczK14jfb-b6vW278gwLDw9sDYte9c6v06a&uuid=114a1546-843f-4264-960b-994c5fe37a75&tracelog=sourcing_list_subject
Manufacturer Custom Large Heat Resistant Glass Tube Clear Fused Silica Glass Tubes Quartz Glass Pipe,https://sourcing.alibaba.com/rfq_detail.htm?p=ID1iomFsyGaDdOoKEf5K7XKA0oPpANwJs8wUDBeCF3UpzrXGeKCXG8ybpWX30ES7QGU&uuid=114a1546-843f-4264-960b-994c5fe37a75&tracelog=sourcing_list_subject
Dr.coffee Coffeebar Plus Cafe Use Commercial Coffee Machine with SC10 Milk Fridge,https://sourcing.alibaba.com/rfq_detail.htm?p=ID1iomFsyGaDdOoKEf5K7XKA3HIxyIn0DeJg4o0FrwOqMUIVo7pNKU7etn7DdhhoF3B&uuid=114a1546-843f-4264-960b-994c5fe37a75&tracelog=sourcing_list_subject
GDCX Package Bags with Bubbles Strong Adhesive Poly Bubble Mailer Padded Envelope Bag Black Shipping...,https://sourcing.alibaba.com/rfq_detail.htm?p=ID1fohwwsrEE8WSyHhSK-87ZgwGhkeag-h05X0SFw530yRdr0Ui4KUilbx4S_WPDhRd&uuid=114a1546-843f-4264-960b-994c5fe37a75&tracelog=sourcing_list_subject
"Stay Assembly Back Door R.H,Stay Assembly Back Door L.H",https://sourcing.alibaba.com/rfq_detail.htm?p=ID1uOjc1xrpe7xw6qUBf3OfB_1DcfIxMrEvffReO1zKd2IvRIY1hUIqsgNDnesalzXg&uuid=114a1546-843f-4264-960b-994c5fe37a75&tracelog=sourcing_list_subject
Vending machines for sale snack,https://sourcing.alibaba.com/rfq_detail.htm?p=ID1uOjc1xrpe7xw6qUBf3OfBzr8BHVfKuHG9yKDNv24S4rIy62ZfpUpU5mmpLtjzFaP&uuid=114a1546-843f-4264-960b-994c5fe37a75&tracelog=sourcing_list_subject
"marble saw blade,granite saw blade,porcelain or dekton saw blade",https://sourcing.alibaba.com/rfq_detail.htm?p=ID10VFYPzxAECtZWrRSmuWLO8AE3pWOEITHJjRhJXpEtwIk_m_2ul03_VY9qAFq-6q8&uuid=114a1546-843f-4264-960b-994c5fe37a75&tracelog=sourcing_list_subject
Original Sport Ocean Silicone Band Strap for Apple Watch Ultra 49mm,https://sourcing.alibaba.com/rfq_detail.htm?p=ID10VFYPzxAECtZWrRSmuWLO7DTER2ePVd-23ZKT0SDOD1W5RWvR3CVTngedHX-fOeP&uuid=114a1546-843f-4264-960b-994c5fe37a75&tracelog=sourcing_list_subject
High Quality Auto Interior Accessories Car Trunk Mat for NISSAN ALTIMA 2019-2022 Tpe Car Mats Car Waterproof Rear Trunk Mat,https://sourcing.alibaba.com/rfq_detail.htm?p=ID1DI9CVbgr7_UZy0tJwvzCNlbhSVTfw9T473LbCB_48YC_QdsL0Elchhz0hfeXDL-B&language=ar_AR&uuid=114a1546-843f-4264-960b-994c5fe37a75&tracelog=sourcing_list_subject
China Wholesales 316 304 Stainless Steel Sign Standoff Spacer Insulating Glass Super Spacer ...,https://sourcing.alibaba.com/rfq_detail.htm?p=ID1dHztkc8iv_LBTRY4dLB4CETS-OeDmjsbbkNHYdCUEzyBA26-VDbxYjK1tVYQxAP-&uuid=114a1546-843f-4264-960b-994c5fe37a75&tracelog=sourcing_list_subject
Waterless Diffuser aromatherapy Diffuser electric Essential Oil Diffuser,https://sourcing.alibaba.com/rfq_detail.htm?p=ID1dHztkc8iv_LBTRY4dLB4CO0aNAharN9AXdwDTVFmpV0B-xqPkIkUrIjooW0BU3Nw&uuid=114a1546-843f-4264-960b-994c5fe37a75&tracelog=sourcing_list_subject
Travel Accessories Portable Travelling Shattaf Luxury Toilet Handheld Pocket Bidet Sprayer Electric,https://sourcing.alibaba.com/rfq_detail.htm?p=ID13nsaw4vr0qaVNuD2Wdy9ExOdrWMdATnwSP6ueYyG5_JA7bAIGc0uRlzAiKDAbaV4&uuid=114a1546-843f-4264-960b-994c5fe37a75&tracelog=sourcing_list_subject
MY Fully Automatic Continuous 25l Mini Wheel Chocolate Temper Machine,https://sourcing.alibaba.com/rfq_detail.htm?p=ID13nsaw4vr0qaVNuD2Wdy9E6APUgfwIEKXSUeW-LupSXLN5gNkojDK0mgqj3oAoktU&uuid=114a1546-843f-4264-960b-994c5fe37a75&tracelog=sourcing_list_subject
Coffee Grinder,https://sourcing.alibaba.com/rfq_detail.htm?p=ID1GWmeUOpCdgpT_gyinRqd7bLqYUvsHh43sgSBNkG0Eo2uEjRlXVkMVoeJpK_uKyTp&language=fr_FR&uuid=114a1546-843f-4264-960b-994c5fe37a75&tracelog=sourcing_list_subject
Paper box,https://sourcing.alibaba.com/rfq_detail.htm?p=ID1GWmeUOpCdgpT_gyinRqd7c2uRwxMxbUjeXuqqTPnt3cwINHnPUY3CbCO46dcndI_&uuid=114a1546-843f-4264-960b-994c5fe37a75&tracelog=sourcing_list_subject
Outdoor Furniture Collection for Home Decoration-Delivery UAE,https://sourcing.alibaba.com/rfq_detail.htm?p=ID1ttQ_rIDU2rvjGxlYcDSHcMNsbg5XM0-jgp7urPYdoxyabcWDwuxWDVYx9mbjREPv&uuid=44d077af-cd9d-4f00-b365-515b0364abfb&tracelog=sourcing_list_subject
Body spray,https://sourcing.alibaba.com/rfq_detail.htm?p=ID1Gk95EpEmP6PSWzAxGaM7tP4NcIbKfrCIDVZtTiZXDYBjZUjmHUMFjyoGaqJ3JYW0&uuid=44d077af-cd9d-4f00-b365-515b0364abfb&tracelog=sourcing_list_subject
Men's Summer Short-Sleeved T-Shirt 100%Cotton Trendy Loose Fit Embroidered Logo Wholesale Stock,https://sourcing.alibaba.com/rfq_detail.htm?p=ID1Gk95EpEmP6PSWzAxGaM7tFbSgyyRqwCV9oxsW5DZMl_FDFQnMkiv4Grri7qv20pG&uuid=44d077af-cd9d-4f00-b365-515b0364abfb&tracelog=sourcing_list_subject
Dance floor LED Dance Floor led 3d dance floor dance floor led dance floor wedding floor dance 3D Mirror Dancing Floo,https://sourcing.alibaba.com/rfq_detail.htm?p=ID1c4flSHjCQkK6u0aOkbhjky2iHIfNnbTObx0lffaFuCAJPecKvL_THRrE-dbdbPLw&language=ar_AR&uuid=44d077af-cd9d-4f00-b365-515b0364abfb&tracelog=sourcing_list_subject
Wholesale Computer Gaming Office Chair PC Gamer Racing Style Ergonomic Comfortable Swivel Chair ...,https://sourcing.alibaba.com/rfq_detail.htm?p=ID15npnzYjnzUp3lmIjfQfets9Klo1cHK9FK_M4cgnJe-86xvcQwPNESRofFlNoS1NG&uuid=44d077af-cd9d-4f00-b365-515b0364abfb&tracelog=sourcing_list_subject
Looking for same brand cables for dubai,https://sourcing.alibaba.com/rfq_detail.htm?p=ID15npnzYjnzUp3lmIjfQfetlWoVsCDrxlCo8J9rsvapPTvOLP_d9gcgzZFTV3HAvQR&uuid=44d077af-cd9d-4f00-b365-515b0364abfb&tracelog=sourcing_list_subject
Plastic shower cap,https://sourcing.alibaba.com/rfq_detail.htm?p=ID1fIwbo2tSfAMMEuSQfpjDI-OGh8zCMpyb9hBJNjGT7YknUSDoQ87QEYOzBsSNFywO&uuid=44d077af-cd9d-4f00-b365-515b0364abfb&tracelog=sourcing_list_subject
Global Best Seller Samyang Carbonara Buldak Instant Spicy Ramen South Korean Halal Chicken Noodles ...,https://sourcing.alibaba.com/rfq_detail.htm?p=ID15FR9-RkmYbMNcz2GjzKbcdDGyEyUZk7HG8gSv9KABU8MhIXTAT6N-Zsa0-nHWAum&uuid=44d077af-cd9d-4f00-b365-515b0364abfb&tracelog=sourcing_list_subject
smart watch,https://sourcing.alibaba.com/rfq_detail.htm?p=ID15FR9-RkmYbMNcz2GjzKbcTmtOGo14-X1WCUS_3JWpDPSFAIbKI33eKc_TDfx7JAq&uuid=44d077af-cd9d-4f00-b365-515b0364abfb&tracelog=sourcing_list_subject
COMPRESSOR SD7H15-4358,https://sourcing.alibaba.com/rfq_detail.htm?p=ID1GerNEyR7mk5Pfp-GKZxk7FYlk_J30JVbPGBwVVudF_M1rCCALgD2h2rX8T-5AtKc&uuid=44d077af-cd9d-4f00-b365-515b0364abfb&tracelog=sourcing_list_subject
38L7302 Cartridge Tapes 00V7590 01PL041 95P4436 46X1290 38L7302 02XW568 for IBMTO4/LTO5/LTO6/LTO7/...,https://sourcing.alibaba.com/rfq_detail.htm?p=ID1GerNEyR7mk5Pfp-GKZxk7JIf3NfdF7Fb6aKRUPkvrX4jb3JaP2YSZJoM8XbWrmHt&uuid=44d077af-cd9d-4f00-b365-515b0364abfb&tracelog=sourcing_list_subject
Plastic pouch for metal charms,https://sourcing.alibaba.com/rfq_detail.htm?p=ID1A1Je3JIZY7nM06W3cWsCNKCX9Sy4P-u5uzYz5aycZRzp-pd4aDrY2mWRnRQpQMkX&uuid=44d077af-cd9d-4f00-b365-515b0364abfb&tracelog=sourcing_list_subject
Wooden Stringed Instrument - Oud,https://sourcing.alibaba.com/rfq_detail.htm?p=ID1X9caHZsJj0yEogz1Yr694o3oldu0d5UWS2x4jmYQhqBOHqGeaPCNYXi2tA0Xqel1&language=ar_AR&uuid=44d077af-cd9d-4f00-b365-515b0364abfb&tracelog=sourcing_list_subject
Modern Crystal Chandeliers with 120W LED Plate,https://sourcing.alibaba.com/rfq_detail.htm?p=ID1X9caHZsJj0yEogz1Yr694kRiLg5LW732S59YGyTQ1VYXHNp4M7jXPStZm4r69Up_&uuid=44d077af-cd9d-4f00-b365-515b0364abfb&tracelog=sourcing_list_subject
Hot Selling Kitchen Multi 12 in 1 Manual Mandoline Fruit Vegetable Cutter Onion Dicer Veggie Slicer ...,https://sourcing.alibaba.com/rfq_detail.htm?p=ID1c_XrXoJHRXE6oHT3xfn-xo7NEZwI4geD-Vbpim7uiDUsUhPFmiz5jf73_vSwNomd&uuid=44d077af-cd9d-4f00-b365-515b0364abfb&tracelog=sourcing_list_subject
Tattu G-Tech 6S 25000mAh UAV Battery,https://sourcing.alibaba.com/rfq_detail.htm?p=ID1c_XrXoJHRXE6oHT3xfn-xtrJw3hfknRi0u3VXqgFrB7y_fTVKEhdPmpdKNE5spsI&uuid=44d077af-cd9d-4f00-b365-515b0364abfb&tracelog=sourcing_list_subject
LCD Display Men Digital Watch,https://sourcing.alibaba.com/rfq_detail.htm?p=ID19lfd1KGhPCcmZ8h2aNv4jtROJaUcOD2bJ8K3ECZZ3_q2Wviz9hmoE34Cl8gcX0VB&uuid=44d077af-cd9d-4f00-b365-515b0364abfb&tracelog=sourcing_list_subject
Drink Dispensing Machine Protein Shake Vending Machine Touch Screen Gym Protein Powder Shaker ...,https://sourcing.alibaba.com/rfq_detail.htm?p=ID19lfd1KGhPCcmZ8h2aNv4joGM_La9EfmLxUC_vYVhKnIYRX18f85eutH3kT4qaGxA&uuid=44d077af-cd9d-4f00-b365-515b0364abfb&tracelog=sourcing_list_subject
High Quality Fluffy Stuffed Animal Plushies,https://sourcing.alibaba.com/rfq_detail.htm?p=ID1_O8yFoH1G0H92eSHrvXGDvWyHJKXDSKJducr26_IARYA_N99HIlN7mu2baWX9-RV&uuid=44d077af-cd9d-4f00-b365-515b0364abfb&tracelog=sourcing_list_subject
"Track light,pendant light,down light,panel light,table lamp",https://sourcing.alibaba.com/rfq_detail.htm?p=ID1_O8yFoH1G0H92eSHrvXGDlYkYPvFJM1NrCXPlNYW2rG8RLxpHaRY49QfrX440Jdh&uuid=44d077af-cd9d-4f00-b365-515b0364abfb&tracelog=sourcing_list_subject
"Track light,pendant light,down light,panel light,table lamp",https://sourcing.alibaba.com/rfq_detail.htm?p=ID189WIxVkZnOB5pnap62q8bURb3n_qXS-Qvw3KZkFJkh2kfQamoOgyU7A_ZFNVHwWp&uuid=a9828bd3-11f6-4002-868e-261e4bb3af4f&tracelog=sourcing_list_subject
3 POLES PUSH in CONNECTOR,https://sourcing.alibaba.com/rfq_detail.htm?p=ID1WTyKayj6z2Ld-Dl6G6GqSUx-1dwf2oXKjq3jXQ1nUyyJVXKZgS_YK8IG6aWkYNPT&uuid=a9828bd3-11f6-4002-868e-261e4bb3af4f&tracelog=sourcing_list_subject
2024 VW SKODA KODIAQ 2WD 4WD 2.0T 5 Seats 7 Seats SUV Gasoline Car Carros Usados 0km Used Car,https://sourcing.alibaba.com/rfq_detail.htm?p=ID1WTyKayj6z2Ld-Dl6G6GqSbBAA0nyR3spgxpUUPiMhqQZBEoDxtbuGhUTCLpV8BTU&uuid=a9828bd3-11f6-4002-868e-261e4bb3af4f&tracelog=sourcing_list_subject
Danfoss Valve,https://sourcing.alibaba.com/rfq_detail.htm?p=ID1XgGGF2tnhwRJs7KznNiJFA8PA1S8oQzrELCzqEwQIpX6CL0-T84ph38Iln4MCfXX&uuid=a9828bd3-11f6-4002-868e-261e4bb3af4f&tracelog=sourcing_list_subject
ACSOON 90kVA Solid State GPU Static Frequency Converter 115VAC 400Hz Ground Power Units AC Power ...,https://sourcing.alibaba.com/rfq_detail.htm?p=ID16w4unZd04rsNHaqMdyMd5kDNlIo_0W-QSVCodpau_aYocbCx8rtNgDxP7ys0LTiX&uuid=a9828bd3-11f6-4002-868e-261e4bb3af4f&tracelog=sourcing_list_subject
Custom printed items,https://sourcing.alibaba.com/rfq_detail.htm?p=ID16w4unZd04rsNHaqMdyMd5iiCqwCOVkMBSQ8OMFXgURafozFYIqaMeJNAvGChfBe7&uuid=a9828bd3-11f6-4002-868e-261e4bb3af4f&tracelog=sourcing_list_subject
"L.H Intercooler for Ghibli,Levante,Quattroporte OEM 670109550 670035636 670009834",https://sourcing.alibaba.com/rfq_detail.htm?p=ID1TeIyUugBuA-sdZCwLFCXryE8OPTdYwIwKmxe1xJ22iWqFUaxde1Grr4maGQQ_jQB&uuid=a9828bd3-11f6-4002-868e-261e4bb3af4f&tracelog=sourcing_list_subject
safety relay,https://sourcing.alibaba.com/rfq_detail.htm?p=ID1VdJYOXbeiTVJqywIrN24AhLIf-ndHl9z_1Xd1f4wQVmjVRow7Y1zT3-LDpmQq5Zn&uuid=a9828bd3-11f6-4002-868e-261e4bb3af4f&tracelog=sourcing_list_subject
Deviser Music Instrument Koa Ukulele UK21-30 soprano Electric Ukulele,https://sourcing.alibaba.com/rfq_detail.htm?p=ID1VdJYOXbeiTVJqywIrN24Aqbvr69ECDpzVJS6oKuAp8LgMSKTjhqKqWctj8AtaSjj&uuid=a9828bd3-11f6-4002-868e-261e4bb3af4f&tracelog=sourcing_list_subject
Equantu SQ669 Wall Plug Quran Speaker Factory Bluetooth Quran Player with Remote APP Control Holy ...,https://sourcing.alibaba.com/rfq_detail.htm?p=ID143YxtrqQ76WTZY8Btlxp1J-wGaITK8BTRg1il51kwOTO4ZN5tfJ7wXAdOElcui5Z&uuid=a9828bd3-11f6-4002-868e-261e4bb3af4f&tracelog=sourcing_list_subject
Need solar inverter battery pack 300amp,https://sourcing.alibaba.com/rfq_detail.htm?p=ID143YxtrqQ76WTZY8Btlxp1AQcVr5wpLbey18rJbiy3xPQvZOTyL1MyqCIZ_vdoJLC&uuid=a9828bd3-11f6-4002-868e-261e4bb3af4f&tracelog=sourcing_list_subject
Laptops,https://sourcing.alibaba.com/rfq_detail.htm?p=ID1WhVZCW_4hEXl6J3AkEXalyPFhJvjW8D2cCiVlHOrgCwH7Z8bj5tWPOT4wZC1OP1-&uuid=a9828bd3-11f6-4002-868e-261e4bb3af4f&tracelog=sourcing_list_subject
Best Selling Customized Pure Copper Water Bottle From India,https://sourcing.alibaba.com/rfq_detail.htm?p=ID1SijWEh4xcH-nHG87rDq1LE7aWnQwd6amqLmO2YukutZ-k_4ghWQAuu0pnQDJ71KI&uuid=a9828bd3-11f6-4002-868e-261e4bb3af4f&tracelog=sourcing_list_subject
jcb 2008 bonnet,https://sourcing.alibaba.com/rfq_detail.htm?p=ID1SijWEh4xcH-nHG87rDq1LC6ISXvFvbp-o33fgJDCxfEjrL2hC1X5729UPf8QTqTW&uuid=a9828bd3-11f6-4002-868e-261e4bb3af4f&tracelog=sourcing_list_subject
Smart wifi switch,https://sourcing.alibaba.com/rfq_detail.htm?p=ID1pQSjSzxFhERFGe-4QSWBucdk7dc3NHTKkfhz9QpaqC9Gf_iccrDQ8E8CQZkhOkgm&uuid=a9828bd3-11f6-4002-868e-261e4bb3af4f&tracelog=sourcing_list_subject
Wholesale Labubu the Monster Labubu Have a Seat Labubu Mystery Box Blind Box Art Toy Gift,https://sourcing.alibaba.com/rfq_detail.htm?p=ID1ns1XTIGn0H8KMBujsFH_2IIve2mggY6aElz7u1LwITqiODYx0MLDEQweRXYjofqy&uuid=a9828bd3-11f6-4002-868e-261e4bb3af4f&tracelog=sourcing_list_subject
Wholesale Digital Print Design Square Shape Sport Type Custom Printed Silk Scarves,https://sourcing.alibaba.com/rfq_detail.htm?p=ID1ns1XTIGn0H8KMBujsFH_2LCKzxNEKF2-8dNeFmvHGPaonfPObGlypbir_-khryX_&uuid=a9828bd3-11f6-4002-868e-261e4bb3af4f&tracelog=sourcing_list_subject
Cheapest Supply Top Quality Solid Soy Wax 25kg Packing for Making Candle,https://sourcing.alibaba.com/rfq_detail.htm?p=ID1IBiLukqI2JNXxVu1wJguvVb8B4uXwvkFVs69KeorMQQoIKAW2pdL7stKWLE_45UA&language=ar_AR&uuid=a9828bd3-11f6-4002-868e-261e4bb3af4f&tracelog=sourcing_list_subject
250LPH Water Treatment Plant RO Water Filter Machine Purifier,https://sourcing.alibaba.com/rfq_detail.htm?p=ID1ndOy1ybOANM1rnFWhKmQdtaXa1xroBdIZ5kA3feDa6i5FHK0U3Kl1RmXhWjZHPta&uuid=a9828bd3-11f6-4002-868e-261e4bb3af4f&tracelog=sourcing_list_subject
Mobile 13 128GB 256GB Celular Phone the Best New Use Original 256GB/512GB/1TB 5G Phone,https://sourcing.alibaba.com/rfq_detail.htm?p=ID1XUvyiVycaR4LkJcqlSEiggeT0b_83iGAiaLSwQFKuk0QYBsev-vyPOXotvxzQbom&language=ar_AR&uuid=a9828bd3-11f6-4002-868e-261e4bb3af4f&tracelog=sourcing_list_subject
Whitening Soap,https://sourcing.alibaba.com/rfq_detail.htm?p=ID1ZY7iytiADxlONnR18m2IgArRpRzC4zpBrs72hW65uBmfIkJbRdp9gmhf2cwPCj-L&uuid=5da1f24e-ce99-4268-82ef-51ddfc337620&tracelog=sourcing_list_subject
Embroidery scarf,https://sourcing.alibaba.com/rfq_detail.htm?p=ID1ZY7iytiADxlONnR18m2IgPOD-F_zdstTXkymhtspb2lZkJi6ex6fCGUt2DUVVoG3&uuid=5da1f24e-ce99-4268-82ef-51ddfc337620&tracelog=sourcing_list_subject
Optik NL Pures 10x52 Industrial Binoculars Customizable OEM&ODM Support for DIY Projects,https://sourcing.alibaba.com/rfq_detail.htm?p=ID1_u140ADD47IMPftLos6Q2Rdbs9V5yySruU-3DD-erzN3JVSg5rLfeHjScqNv00lP&uuid=5da1f24e-ce99-4268-82ef-51ddfc337620&tracelog=sourcing_list_subject
Roller Muzzle for Fishing / Spear Tools,https://sourcing.alibaba.com/rfq_detail.htm?p=ID1qrtXjH5nmMIsnfRx0PiZ0rPLaI7UsfiiCHYXsRpBC9-tRg61KTC40QCGuhiZg84f&language=ar_AR&uuid=5da1f24e-ce99-4268-82ef-51ddfc337620&tracelog=sourcing_list_subject
Kinder beuono,https://sourcing.alibaba.com/rfq_detail.htm?p=ID1qrtXjH5nmMIsnfRx0PiZ0mE7sR4X-WGkR0c7kznRXbXPfsVCqhl_exwIUVHwzO0K&uuid=5da1f24e-ce99-4268-82ef-51ddfc337620&tracelog=sourcing_list_subject
DK Motion for Pajero V93 Headlights 2009-2021 V97 LED Headlamp Montero V87 V95 Front Lamp Dynamic ...,https://sourcing.alibaba.com/rfq_detail.htm?p=ID1JWsmhgfAgm76TKIfKcu3jr1oNdxnJ_Kn87wVjUdrsciybFZbnGbMdOgKAqCRVktU&uuid=5da1f24e-ce99-4268-82ef-51ddfc337620&tracelog=sourcing_list_subject
In Stock Cheap Low Price New amd Rx580 8g Gaming Card Video Card Graphics Card,https://sourcing.alibaba.com/rfq_detail.htm?p=ID1JWsmhgfAgm76TKIfKcu3js6GUoz0qJZXAfixLUeXPfwk8TaNZ5e_yY-pBgvO5mRA&uuid=5da1f24e-ce99-4268-82ef-51ddfc337620&tracelog=sourcing_list_subject
For Accu Answer 4-in-1 Clinical Analytical Instruments Biochemistry Analyzer for Uric Acid Blood Glucose Hemoglobin Monitoring,https://sourcing.alibaba.com/rfq_detail.htm?p=ID1155-j5kPbggBO4LJsw9bTXBsiio6lnLsZCzW3UP4RwqWRpewDjM7Cwv2yx7bAMYr&language=ar_AR&uuid=5da1f24e-ce99-4268-82ef-51ddfc337620&tracelog=sourcing_list_subject
Polyresin Sexy Girl Statue,https://sourcing.alibaba.com/rfq_detail.htm?p=ID1155-j5kPbggBO4LJsw9bTZYM_HyO4PYAL4bR7VrRh9FFsC7UIm13sT14H9i21-gg&uuid=5da1f24e-ce99-4268-82ef-51ddfc337620&tracelog=sourcing_list_subject
Original New for Nubia Redmagic 10 Pro Plus 5G Gaming Phone Snapdragon 8 Ultimate 6.85inch 1.5K 144...,https://sourcing.alibaba.com/rfq_detail.htm?p=ID1WTsyrwi1XtQy4_Ht0zad9tHWkG8myyvxNwwbxz0pHb0SsmNrqee72BbtpP0HyFzN&uuid=5da1f24e-ce99-4268-82ef-51ddfc337620&tracelog=sourcing_list_subject
2024 ORIGINAL SALES FOR-Dualtron X Limited Electric Scooter 84V 60AH Dual Motor Speed 110 km/h ...,https://sourcing.alibaba.com/rfq_detail.htm?p=ID1z7GUmROrvirnQ57OhEC-KqmBVezQMtK3c1MfnvkVgFEjrGNQq9LpAZAPEyzzKd5Z&uuid=5da1f24e-ce99-4268-82ef-51ddfc337620&tracelog=sourcing_list_subject
48v 52v 1500w 2000w 3000w Hub Motor Ebike Conversion Kits 1500w 2000w 3000w Electric Bike Bicycle ...,https://sourcing.alibaba.com/rfq_detail.htm?p=ID1z7GUmROrvirnQ57OhEC-KnmgoEu4FyXtMygm2nwIrCtOLgRqQ5gwbO6QgUV-DREm&uuid=5da1f24e-ce99-4268-82ef-51ddfc337620&tracelog=sourcing_list_subject
Luxury Wooden Watch band display stand retail shop counter rotatable watch strap jewelry display ...,https://sourcing.alibaba.com/rfq_detail.htm?p=ID1XRpteAR_7SLi7DxCDDHjHLlSgp3b_HqMCZOPxR2qzfjUwkczm4BkCHvlw6hmvOJj&uuid=5da1f24e-ce99-4268-82ef-51ddfc337620&tracelog=sourcing_list_subject
Custom Korean Makeup Cooling Water Jelly Tint Stick 3 in 1 Blush Lip & Cheek Tint Waterproof Long Lasting Jelly Blush Stick,https://sourcing.alibaba.com/rfq_detail.htm?p=ID1KhCb96iXfWAKlZx6AZTkWMgr-TtZBv9brAP3UWQVaIwoViouGUeiNwFuvbLpcprx&language=ar_AR&uuid=5da1f24e-ce99-4268-82ef-51ddfc337620&tracelog=sourcing_list_subject
Second Hand Car for Sale All Model With Good Pricing AND Perfect Conditions 2024 TOYOTA L-AND ...,https://sourcing.alibaba.com/rfq_detail.htm?p=ID1KhCb96iXfWAKlZx6AZTkWNsNp65Oj179QumGde1WkW9omM8TqCGMyT0gQHyDOHhh&uuid=5da1f24e-ce99-4268-82ef-51ddfc337620&tracelog=sourcing_list_subject
Inquiry for OEM Tech Organizer Pouch with Built-in Power Bank,https://sourcing.alibaba.com/rfq_detail.htm?p=ID1lRwQRS7hxYpGVsUcSfw3BKxEnZnK-YYaetkvO2IdjQ5RIvOut-eG0DvD8xGVt-_G&uuid=5da1f24e-ce99-4268-82ef-51ddfc337620&tracelog=sourcing_list_subject
"Générateur électrique 50hz 60hz monophasé Ecp32 2m4b 220 480 v, monophasé et 3 phases",https://sourcing.alibaba.com/rfq_detail.htm?p=ID1-mmQ9n_-O2K_I-6VRqEzGbk0zK9EcNXeUwuX90mZKo0EF0RgZQATFhpppFnF9ZsD&language=fr_FR&uuid=5da1f24e-ce99-4268-82ef-51ddfc337620&tracelog=sourcing_list_subject
Transparent Clear Beverage Pouch Spout Plastic Liquid Juice Drink Coffee Espresso Packaging Plastic ...,https://sourcing.alibaba.com/rfq_detail.htm?p=ID1-mmQ9n_-O2K_I-6VRqEzGZQ3AmymHAVzFxG1I-aWxDH7ZnOA6GsFEFcOyrEXxnTY&uuid=5da1f24e-ce99-4268-82ef-51ddfc337620&tracelog=sourcing_list_subject
Dongguan Oem Custom logo Female Ladies Male Gift Pens Belt Wallet Set Band Strap Wrist Watch Paper ...,https://sourcing.alibaba.com/rfq_detail.htm?p=ID1aLWaG20QDORbnq1_QSUXVyQfKg0VZZE8Z_r8FBQdXxeWBeGWfrZgG4AUhUsUm91K&uuid=5da1f24e-ce99-4268-82ef-51ddfc337620&tracelog=sourcing_list_subject
Modern Home Decor Accessories Ceramic Abstract Wine Storage Decor Tabletop Display Desktop Model ...,https://sourcing.alibaba.com/rfq_detail.htm?p=ID1aLWaG20QDORbnq1_QSUXV51tr38hvhytBHgf3DD--rDJ1F1e1YjmdjipYVsdLzx6&uuid=5da1f24e-ce99-4268-82ef-51ddfc337620&tracelog=sourcing_list_subject
